Surface,MedAsfc:1x1,MedAsfc:2x2,MedAsfc:3x3,MedAsfc:4x4,MedAsfc:5x5,MedAsfc:6x6,MedAsfc:7x7,MedAsfc:8x8,MedAsfc:9x9,MedAsfc:10x10,MedAsfc:11x11,MedAbsDevAsfc:1x1,MedAbsDevAsfc:2x2,MedAbsDevAsfc:3x3,MedAbsDevAsfc:4x4,MedAbsDevAsfc:5x5,MedAbsDevAsfc:6x6,MedAbsDevAsfc:7x7,MedAbsDevAsfc:8x8,MedAbsDevAsfc:9x9,MedAbsDevAsfc:10x10,MedAbsDevAsfc:11x11,MeanAsfc:1x1,MeanAsfc:2x2,MeanAsfc:3x3,MeanAsfc:4x4,MeanAsfc:5x5,MeanAsfc:6x6,MeanAsfc:7x7,MeanAsfc:8x8,MeanAsfc:9x9,MeanAsfc:10x10,MeanAsfc:11x11,StdDevAsfc:1x1,StdDevAsfc:2x2,StdDevAsfc:3x3,StdDevAsfc:4x4,StdDevAsfc:5x5,StdDevAsfc:6x6,StdDevAsfc:7x7,StdDevAsfc:8x8,StdDevAsfc:9x9,StdDevAsfc:10x10,StdDevAsfc:11x11,MedRelA(10):1x1,MedRelA(10):2x2,MedRelA(10):3x3,MedRelA(10):4x4,MedRelA(10):5x5,MedRelA(10):6x6,MedRelA(10):7x7,MedRelA(10):8x8,MedRelA(10):9x9,MedRelA(10):10x10,MedRelA(10):11x11,MedAbsDevRelA(10):1x1,MedAbsDevRelA(10):2x2,MedAbsDevRelA(10):3x3,MedAbsDevRelA(10):4x4,MedAbsDevRelA(10):5x5,MedAbsDevRelA(10):6x6,MedAbsDevRelA(10):7x7,MedAbsDevRelA(10):8x8,MedAbsDevRelA(10):9x9,MedAbsDevRelA(10):10x10,MedAbsDevRelA(10):11x11,MeanRelA(10):1x1,MeanRelA(10):2x2,MeanRelA(10):3x3,MeanRelA(10):4x4,MeanRelA(10):5x5,MeanRelA(10):6x6,MeanRelA(10):7x7,MeanRelA(10):8x8,MeanRelA(10):9x9,MeanRelA(10):10x10,MeanRelA(10):11x11,StdDevRelA(10):1x1,StdDevRelA(10):2x2,StdDevRelA(10):3x3,StdDevRelA(10):4x4,StdDevRelA(10):5x5,StdDevRelA(10):6x6,StdDevRelA(10):7x7,StdDevRelA(10):8x8,StdDevRelA(10):9x9,StdDevRelA(10):10x10,StdDevRelA(10):11x11
Aimaginotherium_FMOE19096_1_a.sur,15.52615441,16.30659775,15.73381166,16.11484806,15.22239487,14.74256532,14.21467814,15.25975758,14.80449573,15.80388313,15.81551743,0,1.423514745,2.598995005,3.586824319,3.473028118,4.789989094,5.614032668,5.694690695,5.584383598,7.111563991,7.728453435,15.52615441,15.65897557,16.00650509,16.2289293,16.27704873,16.82031201,16.82627344,16.99246495,17.13057373,18.55816868,18.91213684,0,1.018949145,3.140477215,4.598100995,4.345989214,6.412893785,7.58698069,7.607065553,7.247519026,10.67921862,11.39325232,1.041079738,1.043246603,1.038197285,1.041682287,1.034394456,1.036243206,1.038216834,1.037783763,1.033786675,1.034879073,1.035134315,0,0.003568443,0.011966798,0.010281893,0.012492132,0.014955572,0.016862704,0.015790937,0.017141591,0.0194062,0.018877178,1.041079738,1.040651673,1.042557186,1.040281285,1.041465616,1.042341097,1.043515467,1.041023153,1.0404828,1.042634944,1.040748262,0,0.003190625,0.016718467,0.011835898,0.0165462,0.02209241,0.026516474,0.0217693,0.023511398,0.029479521,0.030112397
Aimaginotherium_FMOE19096_1_b.sur,9.170758528,9.881943341,8.860864786,9.577664818,9.084462851,9.682448713,9.513528476,10.27219047,10.01157643,10.42789021,10.23444827,0,0.952867681,1.299819224,1.908533895,2.340217217,2.260202718,2.741185373,3.57046338,3.075486163,3.373940419,3.854219581,9.170758528,9.255009699,9.309586881,9.452730307,9.754320553,10.18373061,10.29909806,10.96665737,10.58730834,10.85731069,11.09606896,0,0.94332764,1.369086813,2.266590895,2.71447564,2.937010301,3.505374522,5.17925068,3.917642765,4.215218448,4.894427871,1.027754683,1.030285011,1.030004019,1.028112336,1.026075778,1.026239181,1.026519718,1.025130714,1.024747266,1.024780948,1.021350233,0,0.005296124,0.004505537,0.005485222,0.00686232,0.005595782,0.007714084,0.009049154,0.008776592,0.008541013,0.009967551,1.027754683,1.027566372,1.02859055,1.028000677,1.027439352,1.026547188,1.027381482,1.026804234,1.025931522,1.025157941,1.024347641,0,0.003845985,0.005005878,0.006311061,0.008800302,0.007230507,0.00973399,0.011797243,0.010971589,0.011251773,0.012794688
Aimaginotherium_FMOE19096_1_c.sur,7.019750477,9.386559952,8.453298641,9.583220219,9.159598485,9.261473688,10.17929854,10.19065821,10.14338089,10.43127533,10.49943184,0,0.750330724,2.241485464,2.068552533,1.940998999,3.497837814,2.954608758,4.956324872,5.464504382,5.811903204,5.130151735,7.019750477,8.914654496,8.885122564,9.79592879,9.818321957,10.43029552,10.79696299,11.7281562,11.77196326,13.20442603,12.64046031,0,0.564968575,2.521262909,2.830882443,2.920037168,5.697771745,4.380377282,7.931044431,8.728398027,9.93536435,7.795884754,1.03798926,1.040676986,1.038572841,1.038583153,1.032709694,1.032254019,1.029522278,1.028435118,1.028048668,1.028322128,1.027307081,0,0.004130767,0.007462565,0.005789991,0.006769592,0.00964156,0.009662629,0.014428454,0.013634534,0.015079252,0.014014003,1.03798926,1.037728519,1.035871363,1.035190337,1.033039034,1.033562057,1.032111277,1.034161039,1.032563242,1.033441627,1.031756051,0,0.003426228,0.008952893,0.007151076,0.008348507,0.013592594,0.013852502,0.022476442,0.021284306,0.023169785,0.020551648
Aimaginotherium_FMOE19096_1_d.sur,6.007184925,6.945198133,7.048475479,6.801717556,7.589612808,8.462236809,8.01992583,8.83257911,9.032922098,8.500357314,9.062697061,0,1.56551163,1.85946151,1.666256624,2.01958086,2.443606101,2.830987504,2.716890171,3.857136386,3.76358465,3.804022971,6.007184925,6.098080034,7.358282594,7.082753699,8.252107918,8.237655871,8.848416494,8.939001916,9.829381862,9.620475193,10.05404184,0,1.17171502,2.182481327,2.169727013,2.740756318,3.122665427,4.230679773,3.695910437,5.93147688,5.326016534,5.55516307,1.030454119,1.034416194,1.029736008,1.030122,1.027483181,1.028056873,1.024038053,1.026068198,1.026772127,1.024458327,1.02256914,0,0.007221454,0.007237372,0.007355768,0.008048843,0.0085912,0.00904861,0.010260476,0.011386585,0.011734257,0.011844329,1.030454119,1.02994434,1.029795851,1.029801451,1.02904411,1.028057574,1.027169778,1.027681024,1.026779494,1.027587018,1.026793142,0,0.005486086,0.00806334,0.009409961,0.009503024,0.010450256,0.01138257,0.013367622,0.013668898,0.016474239,0.015552684
Aimaginotherium_FMOE20777_1_a.sur,3.291436797,4.837007204,2.351857416,3.214834037,2.641600863,2.793728708,2.710572789,2.747762376,2.246106588,2.431967256,2.299409691,0,2.565955201,1.764648977,1.890864168,2.024063209,2.329265252,2.227238426,2.515613575,2.657879385,2.964083658,2.896605433,3.291436797,3.299501709,3.3853554,3.505985811,3.626215675,3.733475855,3.679147348,3.903864302,3.843350654,4.300936078,4.225533618,0,1.892552223,2.026609597,2.217938857,3.133566344,3.098945618,2.998135083,3.779448758,3.854319458,5.203843089,4.632585339,1.01013223,1.014082271,1.008844427,1.010027375,1.006810726,1.007369723,1.005297072,1.005813593,1.005001662,1.004647817,1.004404555,0,0.006158286,0.00479535,0.00569753,0.006200839,0.006593999,0.006469231,0.006685893,0.006988927,0.007247685,0.007047636,1.01013223,1.010155324,1.010055033,1.009774078,1.009948413,1.009961882,1.009649756,1.009523809,1.00963143,1.009842386,1.009447884,0,0.004893326,0.00577149,0.006034599,0.01013003,0.009437722,0.009553073,0.010092821,0.010477411,0.013790514,0.012080941
Aimaginotherium_FMOE20777_1_b.sur,3.816043737,5.198120102,2.76805031,4.348093073,3.351597633,2.957565794,2.925736358,3.199476678,2.568496038,3.2780388,2.913318726,0,2.57965456,2.601950142,2.712148294,3.501525804,3.3148615,3.364304949,3.971720773,4.074672934,4.300852699,4.441273798,3.816043737,3.92268493,4.093205496,4.506426456,5.190609411,4.862929896,4.92740052,5.501506886,5.283550989,5.784235837,5.91126796,0,2.021266966,2.912634646,3.533829235,5.606163899,4.662780606,5.009242463,6.383117853,7.072053259,7.237882192,7.85540833,1.015671745,1.023004779,1.008567133,1.015517297,1.010942224,1.007640512,1.008725193,1.007494101,1.006725971,1.007210053,1.006659528,0,0.013816166,0.01305739,0.010671994,0.011229752,0.011579637,0.01229409,0.012390885,0.012344759,0.012512021,0.012751651,1.015671745,1.016290958,1.016884294,1.016130948,1.015815114,1.015344399,1.016193607,1.015766154,1.015422016,1.015615356,1.015681246,0,0.010662308,0.016034735,0.014343976,0.016514333,0.016229974,0.019137769,0.021619138,0.022593256,0.022573524,0.024376155
Aimaginotherium_FMOE20777_1_c.sur,2.751141833,4.994266595,3.906460833,2.798014765,2.149091919,2.602082358,2.417971031,2.047004355,2.302723466,2.027872455,1.625418341,0,2.645804556,1.740196329,1.957900566,2.476935913,2.392213954,2.599102466,2.976378216,3.090832542,3.130195723,3.275826966,2.751141833,3.587966627,3.021570208,3.20758748,3.552790471,3.497670958,3.637492061,3.812361051,4.031759153,3.818682494,3.953056284,0,2.082168813,1.819542797,2.436057784,3.208809683,3.475998366,3.736562453,4.137643831,4.929195895,4.640641328,5.395518976,1.011518209,1.016944711,1.011184009,1.011269488,1.006560563,1.006258574,1.006022511,1.00498952,1.004790573,1.004001118,1.003243453,0,0.008358736,0.008091323,0.007366669,0.008604654,0.00831689,0.00890755,0.009327912,0.00902937,0.008020672,0.008678498,1.011518209,1.011637974,1.01128272,1.011048202,1.010975594,1.011036031,1.011212442,1.011037568,1.010794274,1.009659636,1.010247926,0,0.00692844,0.008614766,0.008566293,0.01113475,0.012695489,0.01329191,0.013964863,0.014251722,0.011923748,0.015695438
Aimaginotherium_FMOE20777_1_d.sur,2.497685161,3.080164818,2.658649504,3.526584546,2.126428569,2.080035312,1.942619615,1.729972143,1.861621336,1.859911844,1.369484064,0,0.843945362,1.573492553,1.384213161,2.007476115,2.133728618,2.188452709,2.269433181,2.48195959,2.557405302,2.593785185,2.497685161,2.550073166,2.819921764,2.769504514,2.977414401,3.047867922,3.100888736,2.999984044,3.178438519,3.279893657,3.276219387,0,0.877302802,2.000293127,1.545875581,2.966712731,3.459130967,4.095894807,3.197961151,4.581880539,4.726940686,6.027588294,1.008254879,1.011654409,1.006909268,1.009037717,1.006080909,1.00487077,1.00432276,1.004244866,1.003778015,1.003466254,1.002816011,0,0.006428135,0.005648766,0.004741302,0.006230986,0.006354756,0.006141252,0.006230147,0.006415385,0.006287769,0.006410719,1.008254879,1.008053491,1.008374853,1.007753386,1.008260243,1.008178776,1.008054251,1.00769652,1.007792903,1.007671954,1.007622561,0,0.004694378,0.007609119,0.005084934,0.010202017,0.011426264,0.012880977,0.009727271,0.013079242,0.01370277,0.016045348
Aimaginotherium_FMOE20777_2_a.sur,5.435152302,6.570567456,4.854522089,5.765687132,5.45346612,5.635256939,5.350370212,5.844501636,5.927707246,6.15382817,5.598798154,0,1.709631873,1.144815775,1.218991937,1.582659634,1.578448449,1.660983284,1.772977518,1.903802831,2.113489885,2.569167666,5.435152302,5.429747953,5.535634804,5.610709169,5.867394062,5.953248091,5.99021462,6.066496397,6.154692134,6.245289782,6.475309397,0,1.340352166,1.251267128,1.373566249,1.863734591,2.131126486,2.081029966,2.161085804,2.601830013,2.717771319,3.650060868,1.016740732,1.019858815,1.017203936,1.015911811,1.015097806,1.015714219,1.015051036,1.013045114,1.01381854,1.012661527,1.011607551,0,0.005173669,0.002960868,0.00470154,0.004253061,0.004797597,0.005412112,0.005162816,0.005966739,0.006137099,0.006743189,1.016740732,1.016882021,1.016765911,1.016438401,1.016260591,1.016068657,1.015892776,1.015127091,1.015354216,1.014886581,1.014599207,0,0.003787487,0.003472321,0.005759681,0.006052427,0.006256264,0.006674933,0.006888995,0.008416991,0.008390797,0.010534937
Aimaginotherium_FMOE20777_2_b.sur,5.587119914,7.34332587,6.496597598,6.897232787,7.120602171,7.26656938,7.361558806,7.774145895,8.166450867,7.819783781,7.768369612,0,2.051183495,1.700414411,1.446075867,2.939905685,2.990227507,3.427044222,3.13009549,4.456972483,3.640707791,5.185538645,5.587119914,6.333416977,7.139863965,6.908031875,8.67138953,8.599773686,8.903395431,8.398466187,9.81260062,8.211076196,8.723274092,0,1.521738105,2.987266248,1.685375669,4.732604618,5.364148062,5.265577114,4.920975569,9.294448676,7.643297635,10.34292491,1.028619418,1.029547072,1.025342683,1.02544678,1.020982288,1.021050191,1.019423743,1.019372445,1.019506381,1.01931805,1.01749357,0,0.005208514,0.004906426,0.003844044,0.008279047,0.008822401,0.010560508,0.009233274,0.012345718,0.010258216,0.012245381,1.028619418,1.026928118,1.026784246,1.024461689,1.026344333,1.024803429,1.025937163,1.02432441,1.026249642,1.023691725,1.024860827,0,0.003743243,0.006786398,0.004671572,0.012856798,0.013035111,0.017669173,0.014283256,0.021620768,0.018426469,0.023354588
Aimaginotherium_FMOE20777_2_c.sur,3.734468765,4.759288879,4.074105018,4.194467144,3.797901097,3.853552021,4.282072446,4.13730183,4.194568822,4.142680309,3.904302881,0,1.901904926,1.270565024,1.251581052,1.575991029,1.637295932,1.657598053,1.883583985,1.987081924,2.022947175,2.410473199,3.734468765,3.814370445,3.994074884,4.08926988,4.142804683,4.255640435,4.268887606,4.316929867,4.462718503,4.541927551,4.704783141,0,1.349346534,1.540029066,1.502755142,1.782373303,2.013454303,2.027177281,2.330743461,2.42084286,2.492905222,3.070140551,1.014781798,1.015728461,1.013113825,1.013574314,1.012088097,1.011265455,1.011439214,1.010883243,1.00982909,1.010050034,1.009577945,0,0.003235356,0.003535978,0.004345583,0.005694155,0.005368956,0.005193631,0.004966391,0.00585991,0.005425841,0.006104222,1.014781798,1.01420312,1.013707057,1.013369183,1.013594283,1.012716822,1.012351676,1.012049526,1.012111768,1.011688761,1.011541368,0,0.002378012,0.004234165,0.005044221,0.006388868,0.006368852,0.006191172,0.006167647,0.007323554,0.006809274,0.007946293
Aimaginotherium_FMOE20777_2_d.sur,6.699766338,7.741211131,6.719735913,7.346676436,6.768748445,7.39676655,7.615201147,7.639963054,7.591174658,7.867469831,7.971718967,0,2.122819585,1.534631834,1.816760751,1.901966805,2.191622067,2.139347275,2.14520297,2.592464213,3.087018624,3.181983789,6.699766338,6.738364846,6.838206831,6.799998378,6.958331186,7.434729223,7.401995222,7.488524796,8.058871572,8.372479826,8.533981693,0,1.563659861,1.747559559,1.88468505,2.237848176,2.663126649,2.546224189,2.73146876,3.787736907,4.502355725,4.370518321,1.022505138,1.027113576,1.020894951,1.02202151,1.019749308,1.019072503,1.019938004,1.020447044,1.018556568,1.018780288,1.016788582,0,0.010984573,0.006079999,0.006761918,0.007258275,0.007441251,0.007715991,0.008558182,0.008537953,0.008955194,0.009879491,1.022505138,1.022465762,1.022060235,1.022087527,1.022177485,1.021297187,1.020866476,1.021351219,1.020657072,1.020686345,1.020696786,0,0.008046048,0.006999908,0.008140172,0.008890061,0.009400807,0.009395547,0.010807181,0.011533258,0.012028889,0.013873911
Aimaginotherium_FMOE27148_1_a.sur,2.219858849,2.538033182,2.63451846,2.710441982,2.00736421,2.245581479,2.231210861,2.220385199,2.08867649,2.00290697,1.65686525,0,0.234773409,0.737609475,0.860510365,1.308247877,1.457448665,1.421322224,1.621395156,1.903559965,1.721973605,1.957431506,2.219858849,2.362247891,2.424552386,2.469865118,2.593055453,2.677118483,2.675921394,2.788430714,2.973919163,2.77281199,2.84586395,0,0.28666878,0.77355279,1.035061602,1.490089864,1.904189093,1.830459116,2.390127849,3.005755187,2.331915422,2.941224778,1.009149291,1.011437152,1.00910609,1.008656382,1.006220202,1.006127719,1.006457197,1.005253248,1.004837859,1.005080562,1.004109339,0,0.003477263,0.002450369,0.003356978,0.004495653,0.004853327,0.004582667,0.004797429,0.005280123,0.004687992,0.005105981,1.009149291,1.00911449,1.008925177,1.008663193,1.008544286,1.00824368,1.008051977,1.007795208,1.007908531,1.007225931,1.007250818,0,0.002817665,0.002851548,0.004536265,0.005960178,0.006724424,0.006666306,0.00754391,0.008890986,0.007407686,0.00806728
Aimaginotherium_FMOE27148_1_b.sur,1.668480543,2.336149264,1.691451196,2.035146154,1.438339971,1.564648528,1.621207818,1.622193377,1.605027459,1.637208844,1.455850568,0,0.855337003,0.930452893,1.026299378,1.243492797,1.222672506,1.274219961,1.257618232,1.417578475,1.34141359,1.518739757,1.668480543,1.761648334,1.852510416,1.909180866,2.056938526,2.012900074,2.073858302,2.003302923,2.117301913,2.068763635,2.17292716,0,0.686035361,1.09526438,1.128978391,1.684997928,1.575781122,1.7231072,1.659472398,1.853154306,1.923779392,2.352564814,1.007546145,1.011696845,1.005124991,1.006344791,1.004772377,1.004362203,1.004151758,1.003728892,1.003531561,1.003367133,1.003267587,0,0.007129869,0.00530752,0.004878605,0.00518047,0.004862444,0.004529311,0.004365402,0.004276996,0.004153553,0.004328625,1.007546145,1.007628916,1.007476851,1.007325678,1.007128855,1.006628032,1.006279207,1.00600214,1.005807352,1.005576061,1.005631207,0,0.005141022,0.006573554,0.00598868,0.006663974,0.006443757,0.006219301,0.005762817,0.005645922,0.00601719,0.00691307
Aimaginotherium_FMOE27148_1_c.sur,1.668178434,2.550116289,1.915495339,1.85825498,1.695861376,1.907351737,1.788500823,1.687846339,1.310596938,1.625536817,1.513223828,0,1.050099808,0.837014781,0.54265487,1.026492652,1.537943324,1.259603104,1.150324239,1.335154928,1.342196974,1.568638357,1.668178434,2.107475568,2.298546848,2.018762904,2.143420234,2.632282928,2.310477174,2.064791801,2.012338721,2.218311806,2.373757984,0,0.761250867,1.638303484,0.924722035,1.539261631,4.696618397,2.225354447,1.896504181,2.161832312,2.467865284,2.889286059,1.007542773,1.00909399,1.006226317,1.006581391,1.005527134,1.005467692,1.005389376,1.005446667,1.004301316,1.003966879,1.003978299,0,0.003847171,0.00266841,0.002356628,0.003866094,0.004246485,0.004207456,0.003761025,0.003884615,0.003905308,0.004374525,1.007542773,1.007479875,1.007627845,1.007196784,1.007225213,1.007352248,1.006930341,1.006536134,1.006215014,1.00606063,1.006382563,0,0.002790416,0.003774637,0.003719914,0.005311325,0.008346255,0.006510033,0.005966757,0.006679526,0.006852995,0.008237017
Aimaginotherium_FMOE27148_1_d.sur,1.288401242,1.542401729,1.264517929,1.109991079,1.104983705,1.255901244,1.302568056,1.119176722,1.077537575,1.122024073,1.07922513,0,0.48879396,0.449487782,0.596612263,0.718136385,0.836496585,0.7848686,0.865098879,0.992425666,0.935001913,0.949284103,1.288401242,1.301260114,1.385365701,1.421423218,1.468908566,1.511809298,1.492345709,1.538115448,1.593917609,1.553551917,1.51627075,0,0.353633531,0.458871986,0.780300747,0.944412288,1.147359271,1.000006793,1.425626799,1.71873573,1.563702025,1.486122836,1.004737389,1.005993305,1.004318542,1.003797002,1.003134577,1.003295026,1.003308435,1.002976939,1.002466946,1.002413984,1.002362194,0,0.001717822,0.001601451,0.002328718,0.002764508,0.002827821,0.00242015,0.002608203,0.002933247,0.002560285,0.002430662,1.004737389,1.004756176,1.004698962,1.00464251,1.004539237,1.004542327,1.004084218,1.004059762,1.004266734,1.003717336,1.00364303,0,0.001456614,0.001899092,0.00293323,0.003861321,0.004196163,0.003184148,0.004272865,0.005523779,0.004123047,0.004059031
Aimaginotherium_FMOE27148_2_a.sur,1.015302663,1.729293771,1.120963562,0.94140495,0.825904269,0.995089217,0.819267308,0.761103502,0.820662737,0.799610894,0.725664062,0,0.790044314,0.89109384,0.692863227,0.864345208,0.799641754,0.802729036,0.822530128,0.843662426,0.837627633,0.833312139,1.015302663,1.205619249,1.366258366,1.166773731,1.283865535,1.141520278,1.240923451,1.175783715,1.243795418,1.210508926,1.218731112,0,0.643264556,1.004507168,0.905517235,1.130309453,1.042108405,1.064590909,1.121237141,1.205893896,1.201153634,1.264623385,1.005692428,1.008123907,1.005898946,1.005085133,1.00254195,1.002950474,1.002604982,1.002117229,1.002296375,1.002039514,1.00190902,0,0.003351562,0.003193676,0.003244713,0.003010715,0.002137727,0.002167426,0.00195201,0.002051532,0.001880213,0.001803352,1.005692428,1.005707045,1.005339682,1.00482991,1.004304225,1.00353065,1.003506881,1.003150615,1.003154127,1.002945314,1.00279158,0,0.002942399,0.003302955,0.003399771,0.003758366,0.002765401,0.002883499,0.002679437,0.002863967,0.002635011,0.002493762
Aimaginotherium_FMOE27148_2_b.sur,1.546618226,2.525227395,1.248998806,1.346707509,0.967549506,1.238595282,1.120173074,1.023183634,0.99046254,0.93292239,0.997010041,0,1.654404864,0.941790541,1.125234244,1.125014046,1.185087019,1.169018983,1.293040968,1.231242665,1.264696901,1.298127235,1.546618226,1.572401964,1.59064547,1.68065215,1.672083739,1.693357771,1.735226522,1.832092185,1.769004393,1.806851974,1.805189371,0,1.19658225,1.191350984,1.591643622,1.61470558,1.623853127,1.809870619,2.480848543,1.912815766,2.211370377,2.393134626,1.008216798,1.011868245,1.006216128,1.00436399,1.003012076,1.00345355,1.002766028,1.002567642,1.002467469,1.002325105,1.002434367,0,0.007094617,0.003508699,0.003818761,0.003575275,0.002991441,0.003077135,0.002616314,0.002627544,0.002638228,0.002430997,1.008216798,1.007308603,1.006297017,1.005636329,1.005202744,1.004481847,1.004596389,1.004116312,1.003971543,1.003911349,1.003702057,0,0.005447234,0.004582171,0.005279434,0.004484834,0.003859312,0.004685587,0.004268912,0.003720306,0.005315197,0.003880115
Aimaginotherium_FMOE27148_2_c.sur,0.658153636,0.699502261,0.561211126,0.584362958,0.579602333,0.575020597,0.537211393,0.54945175,0.553559998,0.597283362,0.552892985,0,0.026330754,0.235441947,0.275342446,0.305300668,0.332479763,0.329873756,0.331044398,0.352206623,0.359967311,0.372341642,0.658153636,0.684161668,0.713087754,0.713121233,0.72635664,0.723751874,0.726501973,0.732422303,0.74954872,0.760229834,0.754987183,0,0.019649056,0.31831468,0.369869849,0.523431249,0.569371849,0.684193315,0.660157581,0.809560508,0.745114672,0.866606404,1.003407702,1.003993887,1.002083344,1.001844865,1.001644586,1.001533577,1.001482856,1.001386823,1.001357419,1.001373805,1.001181498,0,0.001440775,0.001117261,0.001099638,0.000984908,0.000860381,0.000865726,0.000869238,0.00086245,0.000864741,0.000786995,1.003407702,1.003020781,1.00260588,1.002417402,1.002172688,1.002015256,1.001893335,1.001903589,1.001839602,1.001780529,1.001652388,0,0.001141932,0.001513958,0.001816593,0.001864532,0.001744765,0.001945825,0.001847737,0.001914493,0.00198471,0.001767431
Aimaginotherium_FMOE27148_2_d.sur,0.668328288,0.995716111,0.490175799,0.563872203,0.512820338,0.570389746,0.504915329,0.542470402,0.523751421,0.50722665,0.50391838,0,0.574685025,0.359394499,0.367535365,0.350547309,0.378202689,0.365978724,0.382953671,0.374689505,0.38786335,0.359001268,0.668328288,0.691659006,0.712179385,0.716527965,0.708425543,0.721474528,0.71844598,0.719543247,0.711145738,0.732022906,0.698319226,0,0.408002804,0.441846938,0.444737518,0.454888955,0.490164827,0.489870218,0.488277692,0.52384888,0.546245584,0.519605918,1.003708969,1.004960547,1.001863352,1.001444179,1.001399862,1.001557797,1.00135022,1.001421789,1.001281015,1.001297972,1.001244963,0,0.003811705,0.001894249,0.001520124,0.001433462,0.001371008,0.001251215,0.001166643,0.001084163,0.001073381,0.000955036,1.003708969,1.003175529,1.002891582,1.002550233,1.002457649,1.002334174,1.002203031,1.002003629,1.001927677,1.001920278,1.001730636,0,0.002710645,0.002475925,0.002306982,0.002048291,0.002050181,0.002342128,0.001642154,0.001689095,0.001563562,0.001501938
Aimaginotherium_FMOE29263_1_a.sur,6.507808234,9.278406916,8.209777094,10.89490701,11.29873871,12.01072355,11.06779631,12.29722384,12.73820463,12.82164546,12.6201679,0,2.834134688,2.331449142,3.432954834,4.533622229,4.173108372,4.800208742,6.561723904,7.672423676,7.30395631,8.861257493,6.507808234,7.68150777,8.624194896,10.61104481,10.84672379,12.61430318,12.95140419,15.11117715,15.82365999,16.00450553,16.56738092,0,2.088966392,2.679780574,4.577002836,6.316229708,5.636250825,7.256070997,10.52451798,11.72744768,11.26946543,13.42640279,1.033561712,1.040907505,1.038931867,1.041371595,1.036944442,1.040271348,1.037563298,1.037729791,1.037150941,1.034545378,1.034830693,0,0.009428627,0.007869377,0.009623704,0.010826311,0.011670475,0.015050265,0.016761558,0.018380812,0.019464039,0.020740381,1.033561712,1.03401879,1.03514784,1.038531306,1.038702957,1.038153729,1.040409084,1.041400315,1.041869381,1.042686876,1.042185022,0,0.00820194,0.008830566,0.011850525,0.01390066,0.01436827,0.019751234,0.022148928,0.024378183,0.025939584,0.028531469
Aimaginotherium_FMOE29263_1_b.sur,6.373089497,9.347688647,8.252927643,10.12726978,8.760964243,9.435186818,9.4443548,10.18158355,10.22827205,10.83911363,11.07816988,0,2.254433535,2.763248779,2.954990555,2.585707781,2.49876696,2.745706949,3.906693138,4.555052252,5.331010578,4.882179394,6.373089497,8.42645519,9.719370582,10.5032994,10.27600658,10.7999716,9.85581025,12.33575729,12.97451072,12.76871122,12.92427733,0,1.647519423,3.906814652,5.830160307,3.89917427,4.078326878,4.252230541,7.440314748,9.79058196,10.07266288,8.441945172,1.033181902,1.035938979,1.034073959,1.035134866,1.032792542,1.034852444,1.033000037,1.032264996,1.03225491,1.029313316,1.031217661,0,0.002903729,0.003741892,0.005381725,0.006411432,0.00852922,0.008056358,0.011139081,0.012974045,0.013009109,0.013157482,1.033181902,1.033902026,1.034303817,1.034113893,1.034884124,1.035557893,1.035027145,1.03585082,1.036899407,1.035558103,1.034960687,0,0.003247333,0.004417166,0.006195191,0.008251188,0.010555747,0.012233065,0.016011908,0.021466796,0.020355578,0.017568017
Aimaginotherium_FMOE29263_1_c.sur,6.026066587,6.498783601,6.543395931,8.244060205,7.603596607,8.155806738,7.492444401,8.46611985,9.12680501,8.903539043,9.02401791,0,0.75392937,1.637206054,1.28844602,2.018130495,2.450637912,2.588864437,3.023515959,4.529704929,4.592638498,5.368946742,6.026066587,6.127044452,7.133326114,7.6396234,8.479034565,8.628536096,8.970813348,9.205488196,10.85396989,10.91620546,11.01484305,0,0.554853414,1.968570711,1.446834429,3.448375131,3.187973202,3.653686689,3.956964139,6.544343125,8.722170478,8.688920128,1.02821261,1.029726077,1.027869729,1.028817534,1.027559851,1.028034189,1.027940696,1.027849729,1.029032833,1.026364004,1.026851357,0,0.001843855,0.004925369,0.004273426,0.005236379,0.007665062,0.008400837,0.010663583,0.012617142,0.011520415,0.013315108,1.02821261,1.028376487,1.028426336,1.028250718,1.028070666,1.028821616,1.028461092,1.028420795,1.03060054,1.029271634,1.02971628,0,0.002053722,0.00624164,0.005030791,0.006112704,0.009528109,0.010505471,0.013330257,0.016112915,0.015781027,0.017888685
Aimaginotherium_FMOE29263_1_d.sur,5.048298934,6.19540693,6.183830932,7.728955001,7.366604869,6.745328009,7.740536086,8.480919916,8.242390753,8.839049511,8.134931663,0,1.590233424,2.218464046,2.955049389,3.842794506,4.623678392,5.321433821,5.435169626,6.321105639,5.835356808,6.791498068,5.048298934,5.471669751,6.643351875,8.033151599,8.241562066,9.164586218,10.1021563,10.22964187,9.657754338,9.755256301,10.74541849,0,1.177473387,2.468096686,3.810255906,4.461164476,6.275206017,8.44765639,8.29688991,9.242205208,8.17784337,11.19662023,1.025043697,1.029952336,1.02422173,1.02872864,1.024485679,1.022804868,1.02215554,1.023567069,1.024842378,1.025233461,1.021418592,0,0.008186746,0.008793781,0.008965465,0.011866657,0.014851715,0.013079599,0.01475272,0.017431879,0.016090969,0.018880942,1.025043697,1.02504209,1.025969058,1.026468768,1.027406195,1.028103143,1.028115554,1.029286905,1.029180577,1.028185253,1.029721439,0,0.006330314,0.009802746,0.010356287,0.013505315,0.018090116,0.017191098,0.020278649,0.023310071,0.020430428,0.027334468
Aimaginotherium_FMOE29263_2_a.sur,3.752481351,4.529632962,3.272722003,3.513451571,3.507642499,3.480909044,3.053462306,3.289379406,3.152370876,3.064410854,2.957664327,0,1.095679362,1.18729543,1.313722654,1.290162051,1.60715691,1.770527768,1.839933094,1.913656151,2.233421436,2.202215352,3.752481351,3.774835618,3.825036991,3.862332699,3.891587918,3.953046456,3.997810536,4.065941836,4.088663834,4.270819373,4.217031752,0,0.878475346,1.377033044,1.622124036,2.106103642,2.246419355,2.744109062,2.900574835,3.074198265,3.550515911,3.503708593,1.010773954,1.013486611,1.006958117,1.007626826,1.005856215,1.00715978,1.00619769,1.006086322,1.006053111,1.005533152,1.005275677,0,0.005786164,0.004493353,0.004800276,0.004603339,0.003784177,0.004639588,0.004634272,0.004539454,0.005210399,0.004752564,1.010773954,1.009690676,1.009476859,1.009232432,1.009204904,1.008586525,1.008676716,1.008678988,1.008433701,1.008781264,1.008175306,0,0.004546062,0.00518848,0.006230049,0.007451896,0.006677261,0.007813263,0.009165402,0.008545799,0.009596562,0.008908473
Aimaginotherium_FMOE29263_2_b.sur,1.822911812,2.141267782,1.924519739,2.241542399,1.595731584,1.80846652,1.726033182,1.605682254,1.573069645,1.542409302,1.497840111,0,0.715368888,0.318722731,0.74426486,0.875988677,0.85100137,0.940399271,0.933529418,1.042800074,1.106576369,1.06010756,1.822911812,1.841854801,1.866196353,1.872163878,1.915137449,1.93367175,1.967773037,1.923424098,1.984964331,2.012733116,1.933794816,0,0.519824445,0.461573839,0.767671663,1.074215369,1.090498005,1.261167507,1.24231487,1.565271229,1.709660839,1.498260371,1.004025448,1.005147518,1.003200352,1.003210631,1.003014514,1.00327067,1.002927588,1.002975638,1.002764064,1.002636961,1.002453396,0,0.002641533,0.001182775,0.001482793,0.001590481,0.001517744,0.001744794,0.001768199,0.001874136,0.002004781,0.001775243,1.004025448,1.00390218,1.003812122,1.003629653,1.003662999,1.003673672,1.003645478,1.003532365,1.003533654,1.003574451,1.003264784,0,0.001886873,0.001881516,0.001889523,0.0025611,0.002951347,0.003253268,0.002670982,0.003277943,0.003767302,0.003211451
Aimaginotherium_FMOE29263_2_c.sur,2.97620611,3.656634982,3.05222561,2.995771096,2.923612897,3.047121057,3.165417544,2.908418672,2.658399952,2.800340884,2.831066482,0,0.862357956,0.575631939,0.84166595,0.871942733,1.048553023,1.02234676,1.149063468,1.331365132,1.270127563,1.46560091,2.97620611,3.011708595,3.043945633,3.071829449,3.074696214,3.1289908,3.155900992,3.219685905,3.261574675,3.23544322,3.306643801,0,0.744757303,0.694204457,1.072623899,1.148972148,1.336686881,1.297179449,1.576086495,1.81722148,1.812124099,1.890597714,1.00929365,1.010114779,1.006685508,1.007433434,1.006524306,1.00671785,1.005980029,1.005663704,1.005463048,1.005248883,1.004940661,0,0.003244784,0.003030862,0.002517133,0.002508521,0.003153614,0.002801053,0.002805768,0.003101819,0.002998775,0.003101936,1.00929365,1.008550123,1.008451077,1.007654355,1.007290788,1.007299093,1.006798415,1.0065495,1.006533125,1.006273207,1.006041071,0,0.002311577,0.003265284,0.003226376,0.003567151,0.003780194,0.003752925,0.003977934,0.00440829,0.004579048,0.004427136
Aimaginotherium_FMOE29263_2_d.sur,2.904195789,3.800409624,2.431263488,2.841147656,2.347440068,2.813543092,2.587789096,2.687812293,2.804738558,2.828167658,2.546948759,0,1.677298973,1.223236661,1.227035266,1.240926797,1.264655937,1.369075504,1.488038962,1.453811393,1.58249423,1.648789806,2.904195789,2.915271664,2.941269282,2.987472948,2.975144855,3.014866911,3.101152166,3.147551601,3.13909853,3.244784973,3.253890777,0,1.222490875,1.356272976,1.410344199,1.599772585,1.699490026,1.892268371,2.019313373,1.930884371,2.476456439,2.518598203,1.008632269,1.010092147,1.007389799,1.006150906,1.006452586,1.006308687,1.005763057,1.005219972,1.005257018,1.005381819,1.00440897,0,0.004244014,0.003647531,0.002517277,0.003327741,0.002910765,0.002923757,0.00298361,0.003002895,0.003219877,0.003275106,1.008632269,1.007892197,1.008556251,1.007272044,1.00770277,1.007018347,1.00679823,1.006438322,1.006356314,1.006361862,1.006171851,0,0.003012779,0.003987689,0.003481254,0.004300602,0.004496997,0.003965229,0.004596706,0.004127996,0.005646741,0.005781384
Aimaginotherium_FMOE29621_1_a.sur,4.336408555,6.508703069,3.726337306,4.89325163,4.278988464,4.403883221,3.476207495,4.299227608,3.913922757,3.833751818,4.006897135,0,2.877292565,2.227266621,2.554752607,2.755442915,3.389496658,3.322426435,3.493802197,3.739012402,3.99147944,4.237977447,4.336408555,4.356889953,4.402695687,4.451329565,4.643918467,4.865997428,4.842910724,4.973396234,5.019737882,5.217563355,5.314356533,0,2.486406917,2.45049233,2.984448423,3.23967423,3.991396103,3.988613039,4.410264524,4.605657655,5.054220197,5.41626569,1.010733342,1.017081946,1.009737231,1.010336283,1.009661538,1.010656056,1.006388288,1.007365026,1.007054024,1.007181423,1.006940494,0,0.009213936,0.00631198,0.007042003,0.007782861,0.008705553,0.00870806,0.008517571,0.009089402,0.00962023,0.009652796,1.010733342,1.011098212,1.011246734,1.011445024,1.011540692,1.01148163,1.011351475,1.011196915,1.011448142,1.011715383,1.011516341,0,0.00708191,0.007955163,0.008942031,0.010145504,0.010607691,0.010959855,0.011428226,0.012401512,0.013531337,0.013373167
Aimaginotherium_FMOE29621_1_b.sur,5.528770132,6.823945621,6.578846193,6.609076541,6.64638153,6.99994018,7.466608482,7.259837216,7.488719648,7.265555467,7.322652844,0,1.793642918,1.648290982,3.602450269,4.571004296,4.278958882,6.219101029,5.479578221,6.440788676,7.529497538,6.814797169,5.528770132,5.850486542,6.183509047,8.080203436,8.415831339,8.155720364,10.00158806,8.331096501,7.911250669,10.42642043,10.08675735,0,1.334937729,1.999192147,5.53197117,6.233641464,5.584601305,11.79435181,7.031620258,9.776067865,13.00979749,9.939276313,1.022883269,1.029354424,1.018497988,1.026087027,1.016829991,1.018651282,1.020550943,1.018919269,1.017525845,1.017712321,1.017392334,0,0.012370171,0.011900231,0.012656419,0.014740748,0.014038133,0.01627602,0.015944107,0.01644214,0.017194177,0.018283001,1.022883269,1.022774689,1.022934808,1.023725849,1.02442926,1.024125027,1.024810344,1.025020058,1.024766403,1.025035134,1.025852338,0,0.009346078,0.013076374,0.013671418,0.016346225,0.016719432,0.018872367,0.020061802,0.020729958,0.023417169,0.026775954
Aimaginotherium_FMOE29621_1_c.sur,6.909715368,8.208346514,8.205116449,8.977358869,8.685160882,8.862835278,9.224399222,9.315264247,9.450479748,10.09112207,10.22820431,0,2.293016979,2.774145362,2.655026041,3.807910921,3.333959325,3.520915827,4.255559878,4.665537481,4.657498698,5.031266566,6.909715368,7.045087811,8.114802981,9.033503347,9.613104004,9.24632537,9.57131479,10.64000597,11.02032199,10.99946319,11.44212747,0,1.622357412,3.003533565,3.448278361,5.083312666,3.898567043,4.302224422,5.748730827,5.968359687,6.203201694,6.901559999,1.030609676,1.040611342,1.032267635,1.032802066,1.032750314,1.028539259,1.029298669,1.027058423,1.024557382,1.027319903,1.025150038,0,0.015260943,0.010792087,0.011940401,0.011774441,0.013219569,0.012928144,0.014619153,0.015260042,0.015122965,0.015040603,1.030609676,1.031856553,1.031670884,1.03264391,1.032454299,1.031109224,1.031489641,1.031344036,1.031104225,1.03039585,1.029054688,0,0.011418219,0.012616927,0.014210802,0.015208695,0.015948651,0.016324493,0.019159658,0.019797172,0.018949307,0.01946661
Aimaginotherium_FMOE29621_1_d.sur,6.86679265,9.297798251,6.695453158,8.104713304,7.880643226,8.652679421,8.498372051,8.982646865,8.301374565,8.847474537,8.81460945,0,3.04501038,2.266552894,2.894577347,3.225662815,3.301881402,3.67903209,5.00552978,4.810294833,5.29571628,5.628280005,6.86679265,7.115052943,7.311561615,7.867105495,8.544037597,8.714065078,8.888319517,10.17354956,10.09878343,10.65624219,11.10867916,0,2.618092981,2.769430902,3.181593806,4.268992018,3.988191727,4.485971543,8.217320681,7.694724471,8.944749949,10.16348524,1.027840775,1.04155131,1.028264854,1.030624139,1.028331855,1.032644135,1.026571003,1.025058589,1.020507287,1.022111557,1.019134987,0,0.016787584,0.012977893,0.014884657,0.013687181,0.013716907,0.013986028,0.015100271,0.016005534,0.015389807,0.016222691,1.027840775,1.028965866,1.029116518,1.028378354,1.028269,1.027871328,1.027365857,1.027192858,1.027434401,1.026822627,1.027003258,0,0.014695907,0.014006393,0.015338771,0.015105329,0.015066885,0.016019283,0.018261258,0.021240525,0.019061389,0.02310116
Aimaginotherium_FMOE29621_2_a.sur,10.64968266,13.39103567,9.849151373,11.73066536,11.53837596,11.64503361,10.50222572,10.8584228,9.826666352,9.639721736,9.636127397,0,3.273754824,3.425629008,3.584521212,4.009999363,4.684924585,4.607039769,5.430550464,5.788556644,6.037741611,6.330856567,10.64968266,11.07714566,11.17626952,11.10684325,11.55700054,11.8169117,11.80616851,11.9045262,12.15658832,12.29267523,12.7541777,0,2.724054078,4.217531141,4.177236612,5.02779514,5.627649114,5.844883779,6.672769172,7.680101249,7.946119256,8.535376209,1.024714524,1.034797572,1.017626369,1.021166359,1.021190653,1.017326208,1.017816643,1.016800064,1.014780438,1.014594492,1.013893606,0,0.016197484,0.011481804,0.009244735,0.009679732,0.010549098,0.010237059,0.010249109,0.009753814,0.010883808,0.010562,1.024714524,1.024698242,1.023543984,1.021675132,1.020913351,1.020804127,1.0207321,1.019822582,1.019116425,1.019448467,1.019597073,0,0.012181491,0.013786518,0.010219612,0.012577192,0.013736881,0.013517033,0.012607334,0.013108599,0.016393943,0.016418754
Aimaginotherium_FMOE29621_2_b.sur,5.423651993,7.085296491,6.860569736,7.180149668,6.289402605,6.832611208,6.545358816,7.200469845,7.115512415,7.042686436,6.848778121,0,2.138324747,1.910987436,2.681077467,3.078423523,2.999838084,3.246541448,3.525318358,4.043859587,4.277033933,4.419344944,5.423651993,6.160451349,6.226334695,6.594859907,6.863435669,6.805088401,7.03214929,7.444406433,7.92660447,8.14426327,8.033434564,0,1.5599295,2.324342763,3.133612924,4.223829748,3.685567242,4.198229523,4.847973527,5.610629444,5.874432796,6.235809738,1.02665056,1.027820084,1.022262532,1.021523088,1.020449554,1.018372207,1.01496321,1.01498809,1.015727222,1.014127815,1.013786719,0,0.006663891,0.0065037,0.007928444,0.009774745,0.009888768,0.009583238,0.00988628,0.01004533,0.010308535,0.010592817,1.02665056,1.023731565,1.02076885,1.020344811,1.020611625,1.019908887,1.018483206,1.0186494,1.019039431,1.018722227,1.018511426,0,0.004949076,0.008009248,0.010252844,0.01287693,0.012913932,0.012353552,0.013709965,0.014734552,0.014716974,0.0157909
Aimaginotherium_FMOE29621_2_c.sur,5.280934593,6.438458031,5.022151453,5.775981141,5.911224397,6.322328047,6.167583321,6.364375807,6.114736069,6.606917541,6.683252186,0,1.433361674,1.441483768,1.423790292,1.536594379,1.842037789,1.766654658,1.924917138,2.014229122,2.248591443,2.492661781,5.280934593,5.370178461,5.559911304,5.671228681,5.784481756,6.026730439,5.984313715,6.200029359,6.179426583,6.629590865,6.618244972,0,1.373466734,1.686565681,1.887704288,1.908816482,2.499632083,2.32003669,2.381315727,2.714135358,3.450109271,3.315831497,1.019506935,1.022115009,1.015947608,1.016895599,1.016548168,1.014769985,1.014329823,1.014800373,1.01358908,1.012508074,1.012809278,0,0.006461344,0.003651061,0.003387238,0.004601134,0.00493458,0.004389655,0.004834914,0.004833127,0.005043744,0.005323832,1.019506935,1.018754899,1.017008905,1.016250495,1.016222194,1.015412488,1.014878404,1.014799084,1.014467078,1.013835824,1.013461392,0,0.004812526,0.004137529,0.004258976,0.005998199,0.007146265,0.005723639,0.006106278,0.006952695,0.00673786,0.006683775
Aimaginotherium_FMOE29621_2_d.sur,4.862079066,5.938394216,5.630262761,5.924644914,5.898187349,6.251925748,5.918248033,5.907971785,5.82449666,6.041241844,5.690125818,0,1.700269339,1.39425384,1.586003821,1.728352095,2.511553373,3.186301337,3.471108554,3.923957002,4.07468836,4.381953551,4.862079066,4.955217935,5.392267481,5.762116818,6.079244772,6.585087861,7.135108939,7.429457721,7.687431491,7.845611544,8.099952561,0,1.434727459,1.540052303,2.036757605,2.208806016,3.243277139,4.540463261,5.400135468,6.500909396,7.096983404,8.221988118,1.019457715,1.025923852,1.016395768,1.015904307,1.016139177,1.016951957,1.013745016,1.014225789,1.013169512,1.012504073,1.012010122,0,0.011356804,0.005622083,0.005622323,0.005812244,0.006894382,0.007231459,0.008067461,0.009354855,0.009495402,0.009802088,1.019457715,1.019413684,1.01706455,1.016420207,1.016889159,1.016924935,1.016358251,1.016855057,1.017530396,1.017285672,1.017117474,0,0.008869789,0.006369117,0.007242958,0.008417297,0.009286275,0.00984637,0.010840628,0.013340407,0.014822592,0.016873201
Aimaginotherium_FMOE29819_1_a.sur,2.985820524,3.884806312,3.215213583,2.903854632,3.005766529,2.749810147,3.068537084,2.754633177,2.661802425,2.518286042,2.57434875,0,2.295256294,1.211918123,1.572728044,1.454711471,1.654970596,1.964866907,2.047219136,2.229950902,2.267685881,2.369855011,2.985820524,2.987309559,3.036817774,3.032100484,3.034930546,3.11691447,3.200324848,3.278841596,3.444847885,3.371482423,3.462599594,0,1.700949641,1.466200638,1.85485083,1.761222398,2.054162662,2.55055716,2.625160408,3.530299262,3.073860922,3.295471013,1.008246237,1.010902047,1.008106688,1.008405616,1.008105209,1.007646018,1.0066078,1.005982786,1.006572885,1.005366997,1.005477096,0,0.006283345,0.003482744,0.00486045,0.004133892,0.004765345,0.005102988,0.005198893,0.005223032,0.005662131,0.005181558,1.008246237,1.008348884,1.008249819,1.008347512,1.008276701,1.008094854,1.008250334,1.008102346,1.008055005,1.008089243,1.007615305,0,0.004607059,0.004069008,0.005845189,0.004891113,0.006335399,0.007447775,0.007352215,0.008906378,0.008548638,0.008280984
Aimaginotherium_FMOE29819_1_b.sur,2.598328171,4.171870346,2.334557434,3.43370389,2.030813978,2.316576708,2.509141012,2.283122609,2.453331677,2.368929249,2.437520755,0,1.909263975,1.976763684,2.02596667,1.944708514,1.879569277,2.074405285,2.430705469,2.357017749,2.54957417,2.760638012,2.598328171,2.819458747,3.167124391,3.381093438,3.138944669,3.12784903,3.298576765,3.500907696,3.393293441,3.532825445,3.728559213,0,1.582582636,2.649263499,2.744542974,2.335142607,2.47854629,2.510683848,3.231921906,3.065707403,3.340444561,4.13919375,1.011444727,1.019152181,1.00655814,1.01085991,1.006912978,1.00602802,1.006742206,1.004937189,1.005524816,1.005144453,1.004826833,0,0.011759213,0.007917123,0.00808057,0.00727513,0.006479134,0.006736328,0.007171098,0.006760355,0.00701051,0.006742029,1.011444727,1.011498042,1.011144956,1.011141844,1.010063636,1.0095727,1.009523483,1.009517283,1.009194413,1.009068707,1.008823705,0,0.009087786,0.010787414,0.010507608,0.008819796,0.008898979,0.0086311,0.009697452,0.009428045,0.009821611,0.010412798
Aimaginotherium_FMOE29819_1_c.sur,3.587829193,4.506173723,3.302165291,3.890573007,3.3804595,3.801575426,3.441268064,3.860335593,3.671723483,3.836379809,3.479988998,0,1.464219956,1.266048766,1.29635644,1.725609825,2.320684001,2.082322851,2.475528259,2.797784857,2.858983326,2.815015169,3.587829193,3.6016656,3.726401851,3.870456812,4.080558527,4.389352235,4.114462684,4.38903962,4.601283548,4.74959452,4.658696139,0,1.162546539,1.505761174,1.882447677,2.499944888,3.743456455,2.701630764,3.460230542,4.169814662,5.374788613,4.036826219,1.01197902,1.01451934,1.010296029,1.011478572,1.009034118,1.009444513,1.008184145,1.009060406,1.008625316,1.007381589,1.007123084,0,0.00526121,0.002730414,0.003809106,0.005314086,0.006467214,0.006301644,0.007073075,0.007292849,0.00690571,0.00718878,1.01197902,1.012011497,1.011769599,1.011923986,1.011833254,1.011731012,1.011125162,1.011675164,1.011559703,1.010896317,1.011067042,0,0.003781605,0.003859163,0.006064759,0.008152686,0.009552102,0.008531517,0.010370708,0.01084545,0.010933502,0.010756637
Aimaginotherium_FMOE29819_1_d.sur,3.019453081,3.645358351,3.008697719,3.353075367,2.677826145,3.173845975,3.074460379,3.149278787,3.269780139,2.657836033,2.929093898,0,0.82079892,1.10423714,1.4327101,1.476607588,1.912859861,1.506334532,1.910135359,2.443624997,2.059305904,2.344543272,3.019453081,3.041610306,3.123323938,3.399692977,3.353633182,3.828975793,3.251018874,3.560999782,4.081898197,3.574277054,3.830773824,0,0.860472494,1.265950427,2.402404747,2.134131242,3.860616273,2.053727391,2.819058556,5.178088698,2.764019677,3.720872551,1.009625223,1.012808388,1.007237038,1.007297311,1.007024303,1.007908003,1.006832825,1.006163394,1.006123671,1.005354545,1.005318985,0,0.006912001,0.004496238,0.004677251,0.005071183,0.005054693,0.004747762,0.005337019,0.005439654,0.005284954,0.005830524,1.009625223,1.009692668,1.009528143,1.009712827,1.009449598,1.009230519,1.008706104,1.008815554,1.009013388,1.008265997,1.008575111,0,0.005204327,0.005617619,0.009070508,0.007583789,0.009392144,0.007122906,0.008654241,0.010228293,0.007667157,0.009430516
Aimaginotherium_FMOE29819_2_a.sur,2.859522241,5.131707157,3.439915619,3.202178205,2.958556477,3.149600182,3.290528624,2.930532762,2.992273289,3.020543835,2.930104096,0,3.017511313,2.033332284,1.391499447,1.913792182,1.395622354,1.6249681,1.810582975,1.440501232,1.62902605,1.384046829,2.859522241,3.694187601,4.181676419,3.596462806,3.899143694,3.533829623,3.724423103,3.494320702,3.180101591,3.660065614,3.327081002,0,2.190611283,2.977519575,2.150212943,3.526398812,2.176524603,2.741265118,3.60821907,2.030950461,3.640246518,2.163639221,1.013418155,1.017076603,1.013663431,1.013522251,1.012358171,1.010435805,1.009724002,1.00858929,1.007619145,1.007577817,1.006670434,0,0.006369668,0.005019925,0.004669097,0.005523509,0.004439186,0.004787279,0.005147159,0.004064281,0.004763671,0.003933931,1.013418155,1.013405009,1.013478589,1.012972603,1.012336168,1.011031541,1.010738458,1.010176264,1.008677937,1.009273002,1.008221492,0,0.005504707,0.006264942,0.006253162,0.007180345,0.006483526,0.006561079,0.009025038,0.00549956,0.009722581,0.005913187
Aimaginotherium_FMOE29819_2_b.sur,3.247524735,5.353280894,2.498730213,3.179973011,3.11937674,2.975063534,2.476809435,2.892212114,2.962091968,2.440522665,2.718210697,0,3.189660297,2.416892695,1.799108978,2.579671218,2.732945306,4.059682158,3.142553348,2.780224403,3.795183925,3.803060811,3.247524735,3.704660371,4.22433019,3.728701963,4.555588634,4.538110297,3.012991196,3.993008463,4.508276696,4.355125817,4.094118635,0,2.276537484,3.908807711,2.726451916,4.770468331,4.309723621,9.216059129,6.507862287,4.408506423,7.53875966,7.941817432,1.015205424,1.021792391,1.010458226,1.011093706,1.008405263,1.008960694,1.006881715,1.007384492,1.006116078,1.005440595,1.005388398,0,0.015307518,0.008278179,0.007582439,0.008341637,0.009036242,0.009169492,0.008625983,0.008084997,0.008563069,0.008276065,1.015205424,1.014843114,1.014599715,1.013705875,1.01345825,1.01364457,1.013198011,1.012688722,1.011586636,1.011724677,1.011452445,0,0.010975832,0.013118185,0.012582133,0.014881933,0.015323569,0.01625853,0.017694698,0.014757251,0.016721822,0.016398459
Aimaginotherium_FMOE29819_2_c.sur,4.612148309,5.618360124,4.285168177,4.674594967,3.656053768,4.059614171,4.31819317,4.056159711,4.760404525,4.106465913,3.707962935,0,1.602868321,3.539058062,4.842184202,5.744270626,4.67182891,5.614936923,5.079347493,5.595302475,7.243706521,6.533988375,4.612148309,4.685569329,4.950082696,7.52324205,7.293600521,7.221919767,7.85545033,7.57230896,8.098594411,8.611542297,7.747975563,0,1.185061174,4.838603325,8.206425651,11.87227196,8.778371962,11.74575519,8.870146154,11.47441073,20.39398944,18.3202528,1.021108303,1.021748652,1.016081404,1.01608131,1.011329969,1.012430495,1.010858712,1.010268542,1.009945638,1.009368015,1.00799115,0,0.007646499,0.009364599,0.00914267,0.011439088,0.01284483,0.013632843,0.013905999,0.014503452,0.016832758,0.019008567,1.021108303,1.018191303,1.019555563,1.019182085,1.019325505,1.020179718,1.019966396,1.020027088,1.020359711,1.022269149,1.023770575,0,0.005503238,0.012244522,0.015588463,0.020991525,0.024479077,0.028675112,0.02858254,0.032840465,0.064574688,0.087826088
Aimaginotherium_FMOE29819_2_d.sur,2.234130817,3.16418566,2.303369464,2.656995218,2.520604806,2.834530254,2.478471316,2.484489517,2.429353619,2.472493002,2.303245744,0,1.217094962,0.962968626,1.046309078,0.94058005,1.101734222,1.086781727,1.175297065,1.148179235,1.176034691,1.200751451,2.234130817,2.343896243,2.473369273,2.437051489,2.41800655,2.473769963,2.482275613,2.518182448,2.510489761,2.528937544,2.523093869,0,0.97660141,1.008535479,1.138208003,1.0943232,1.207752345,1.290559698,1.361479323,1.357771491,1.370347084,1.460647509,1.009120474,1.0118748,1.008175571,1.008504314,1.006349034,1.00655679,1.006315933,1.005593088,1.005584882,1.005407695,1.004678328,0,0.005389228,0.002564898,0.003508385,0.002915593,0.00313475,0.002885,0.002849354,0.002695587,0.002758274,0.002836772,1.009120474,1.008831753,1.007501669,1.00718762,1.006577665,1.006465666,1.006268912,1.005968591,1.005743997,1.005549872,1.005419471,0,0.004106164,0.003010416,0.00377589,0.003368574,0.003546077,0.003394617,0.003352386,0.00326291,0.003287722,0.003495146
Aimaginotherium_FMOE30935_1_a.sur,3.049343932,4.497222464,2.164909603,2.641413116,1.918695558,2.248760699,1.916945849,1.54775735,1.124118915,1.41849345,1.197306233,0,3.054671342,1.865817927,2.158448486,2.139447395,2.523407121,2.663857346,2.793674481,2.89506744,2.939347336,3.275239287,3.049343932,3.084869647,3.114201539,3.059790458,3.137059462,3.312582694,3.318022138,3.392841844,3.433896077,3.50860427,3.712486645,0,2.173377331,2.32385164,2.762685055,3.00072729,4.152591088,4.041043106,4.212707644,4.746268737,5.165872624,5.512859812,1.006698658,1.009560851,1.004923332,1.005647329,1.003263511,1.004581176,1.002601408,1.003026003,1.002194817,1.002534097,1.002124063,0,0.006657901,0.004150081,0.005050452,0.005527431,0.005577252,0.006097186,0.005927293,0.006172309,0.006100203,0.006624433,1.006698658,1.006821934,1.006907195,1.006921103,1.007210121,1.007109259,1.007205121,1.006999499,1.007075641,1.007030292,1.00735157,0,0.004853632,0.005315968,0.007650008,0.010108629,0.010770741,0.010272906,0.009985155,0.011555107,0.011813279,0.012481794
Aimaginotherium_FMOE30935_1_b.sur,1.944355707,2.819459604,1.446304822,1.806176947,1.76663493,1.542493041,1.28236249,1.651187536,1.345690943,1.14219454,1.248525706,0,1.534715527,1.092895856,1.232277014,1.466611667,1.681756543,1.845943878,1.910683246,2.083883496,2.364998643,2.197609997,1.944355707,1.990238322,2.014629119,2.101228869,2.303756446,2.283905701,2.454646806,2.438284564,2.533631855,2.733626754,2.578613682,0,1.119449198,1.326033022,1.572276683,1.938632008,2.240523226,2.760192246,2.557538886,3.008433029,3.646658151,3.239643021,1.005706336,1.007884425,1.004672186,1.004990996,1.004506807,1.003380583,1.003005037,1.003433996,1.002582809,1.002304809,1.0021271,0,0.004162618,0.002952889,0.003642511,0.003944778,0.004382811,0.004702384,0.004665123,0.005048725,0.005380021,0.005288226,1.005706336,1.005668372,1.005862447,1.005802197,1.005901119,1.005761028,1.005998431,1.005769455,1.005891306,1.006073608,1.005967074,0,0.00318958,0.004054798,0.004857509,0.005580083,0.00609596,0.007040253,0.006151992,0.007480098,0.009016132,0.00854559
Aimaginotherium_FMOE30935_1_c.sur,2.816579075,5.448565917,2.090006026,2.799580172,2.161424144,2.039934718,1.191368127,1.381211794,1.044809355,1.309106436,0.988108374,0,3.809889701,2.632958133,3.530172612,4.038416236,3.94677364,4.341297613,4.55288852,4.631230784,4.687470957,5.153425133,2.816579075,3.301140741,3.217003034,4.011260299,4.679319001,4.502221036,4.801056967,4.989217235,5.00430163,5.072524702,5.381931661,0,2.761344151,3.243580539,4.38040701,5.939309198,6.035473054,7.503095248,7.609467105,8.582375561,9.094565526,8.572438166,1.012675958,1.023562686,1.007723869,1.007986625,1.006086918,1.00355989,1.003194113,1.002885016,1.001962436,1.002640492,1.001920064,0,0.019939939,0.012362881,0.01318982,0.012590268,0.012763565,0.013758548,0.013969415,0.013935484,0.013626517,0.013968895,1.012675958,1.013579519,1.013459987,1.013909751,1.014045633,1.013879874,1.014782921,1.014804867,1.014595573,1.014293401,1.014550938,0,0.014207,0.015134504,0.016638115,0.01815047,0.020121336,0.023342844,0.023793739,0.025185474,0.024072116,0.023066839
Aimaginotherium_FMOE30935_1_d.sur,1.681399344,2.539266403,1.291158218,1.722862862,1.837166184,1.629022201,1.208477148,1.177853351,0.955479711,1.003808366,0.871644096,0,1.213331765,1.048454899,1.247873317,1.224518433,1.486712632,1.460382685,1.566447299,1.726328561,1.789857572,1.946672273,1.681399344,1.772282487,1.830758283,1.876998506,1.951637254,1.994199817,1.986329518,2.025365034,2.102064961,2.161319491,2.241641274,0,0.915911968,1.270888104,1.570386775,1.717408884,2.133193923,2.330966288,2.531744413,3.105249675,3.179636689,3.609519777,1.005195942,1.007698415,1.003651886,1.003867325,1.004105342,1.002938387,1.002379936,1.00222552,1.001870795,1.001970746,1.00157262,0,0.004902676,0.003148752,0.003722713,0.003710677,0.004234904,0.004074536,0.004338793,0.004351386,0.004398235,0.004758031,1.005195942,1.00520816,1.005190548,1.0051636,1.00517511,1.00527885,1.005151855,1.005260668,1.00515566,1.00513515,1.005342621,0,0.003467838,0.004229373,0.00516593,0.005706361,0.006331087,0.007122631,0.007978049,0.008837405,0.009746659,0.010348815
Aimaginotherium_FMOE30935_2_a.sur,2.58658545,3.688912611,2.2444503,2.761619743,2.330808831,2.575536563,2.325327963,2.567482823,2.238178959,2.577354986,2.255620419,0,1.644103113,1.310157086,1.404338187,1.401842464,1.391583669,1.465220074,1.473115825,1.517472272,1.595307349,1.585311009,2.58658545,2.595111931,2.5678804,2.612311928,2.624181299,2.618346369,2.659650487,2.685323309,2.667146354,2.732726027,2.7108221,0,1.357463695,1.543876345,1.591857613,1.601756899,1.617659608,1.760435715,1.765269012,1.823573559,1.908252581,1.945089768,1.005721592,1.007869791,1.005487208,1.005771087,1.005536313,1.006066683,1.005427963,1.00543028,1.004089718,1.00468633,1.004093446,0,0.003513376,0.002815682,0.002860789,0.002958929,0.002953992,0.003032833,0.003195109,0.003189268,0.003220163,0.003038357,1.005721592,1.005798265,1.005748316,1.005739754,1.005634873,1.005627636,1.005611606,1.005633949,1.005491283,1.005390929,1.005188481,0,0.002681519,0.003374361,0.003478629,0.003297648,0.003557332,0.003837379,0.003923091,0.003887911,0.003913965,0.003813356
Aimaginotherium_FMOE30935_2_b.sur,2.185807325,3.014195367,2.178703063,1.771845539,1.712846208,1.947107843,1.55735254,1.73600132,1.538745811,1.6518993,1.545877456,0,1.908251476,1.32280595,1.376306066,1.397542216,1.364592837,1.53172791,1.568124727,1.663841536,1.645378003,1.661929199,2.185807325,2.207127227,2.235506498,2.339992478,2.352548702,2.307086575,2.437351047,2.331684657,2.433719791,2.415555856,2.400743111,0,1.407090807,1.583787776,1.771506111,1.932331727,1.711657389,2.255901257,2.461683319,2.715689635,2.789531256,2.842224186,1.006118265,1.008241794,1.005921134,1.005052577,1.00424696,1.005241155,1.004006233,1.00409911,1.003882198,1.003847997,1.003509345,0,0.003016893,0.002575431,0.002765406,0.002976923,0.002850818,0.002912654,0.003255802,0.003489465,0.003441358,0.003361908,1.006118265,1.006122417,1.006000291,1.006092247,1.005767495,1.00560321,1.005437959,1.005448028,1.005625165,1.00541371,1.005212885,0,0.00270307,0.003088122,0.003689386,0.003795114,0.003260258,0.004069192,0.005667461,0.007519815,0.006808605,0.006618954
Aimaginotherium_FMOE30935_2_c.sur,1.746333063,2.339646858,1.693920913,2.083591695,1.670405011,1.694606571,1.64284383,1.748328189,1.48814043,1.692540814,1.60946603,0,0.711739719,0.770049992,1.073540388,1.035289939,1.155455325,1.084873217,1.220511407,1.35292957,1.375664228,1.496531322,1.746333063,1.856308973,1.950656505,1.984782956,2.003926654,2.006979801,1.985666054,2.025809292,2.059167829,2.092311146,2.171037782,0,0.688476792,0.923577739,1.136033436,1.326778391,1.407511898,1.408441614,1.567195512,1.751982643,1.832627961,2.093851169,1.007207425,1.007573608,1.005568638,1.005817764,1.004680805,1.004729091,1.004178962,1.004586806,1.003721732,1.003481428,1.003573102,0,0.002610343,0.002521545,0.003028593,0.003169646,0.003480682,0.003121253,0.003249749,0.003512812,0.003331732,0.003645004,1.007207425,1.006226325,1.00607928,1.005748148,1.005672296,1.005376707,1.005311386,1.005124015,1.005136938,1.004865046,1.005053091,0,0.0019682,0.00318976,0.003307051,0.003709137,0.004088684,0.004106327,0.004267279,0.004718758,0.004736962,0.005459827
Aimaginotherium_FMOE30935_2_d.sur,1.870441399,2.814062457,1.055643026,1.19970862,1.015965948,1.242534874,0.963852944,1.07669937,0.908397795,1.01711152,0.941084521,0,2.286222666,1.239579596,1.229839642,1.290142369,1.451780341,1.45710847,1.432504515,1.507508647,1.511989974,1.560443171,1.870441399,1.902403953,1.932442917,1.929713169,1.942740882,2.007417363,2.027086002,2.02369586,2.074301461,2.082273643,2.093935834,0,1.682176288,1.840972388,1.839730228,1.921261335,2.084044308,2.195011611,2.174319061,2.292756313,2.315042069,2.373515324,1.006568466,1.008288296,1.003913862,1.004848927,1.003442697,1.003088312,1.002883066,1.002718134,1.002264186,1.002322588,1.002262072,0,0.006054682,0.003096685,0.003547732,0.003722406,0.003875269,0.003899509,0.003725416,0.003856417,0.003725363,0.003617418,1.006568466,1.005869233,1.005841259,1.005793161,1.005639672,1.005560121,1.005408795,1.005146658,1.005183679,1.004968119,1.00476575,0,0.004450851,0.004613108,0.004902227,0.005259461,0.005208614,0.005539061,0.005461464,0.005920152,0.005609334,0.005514798
Aimaginotherium_FMOE30960_1_a.sur,6.53362141,8.207275464,8.020218385,9.273375975,8.379731997,9.366142803,9.114446074,8.816409606,9.275803252,9.293861907,9.676276732,0,1.950011005,1.262079227,3.062439895,4.232043363,4.597879392,5.120150849,4.769879704,5.006709724,5.252668096,5.117868183,6.53362141,7.175582621,7.546983904,9.106857493,9.833205149,10.39803602,11.24947115,10.36852034,10.86241145,11.21746229,10.54703496,0,1.413643061,1.669311898,3.631888714,5.812888077,6.419103644,6.840253272,6.620621266,7.201317961,7.773750975,7.119838863,1.031542722,1.035049348,1.032078887,1.035273033,1.033264585,1.033885184,1.029719645,1.025921127,1.025745242,1.027355817,1.024710176,0,0.004660845,0.005911538,0.008801219,0.011270017,0.014195946,0.015364261,0.014753332,0.014842276,0.014054312,0.014517145,1.031542722,1.031585793,1.031006689,1.032962356,1.032960189,1.03371444,1.034411744,1.030733742,1.030549798,1.029536371,1.027290374,0,0.004022151,0.00708659,0.01061946,0.013706885,0.016951958,0.018650996,0.018208677,0.018387908,0.018244374,0.018403377
Aimaginotherium_FMOE30960_1_b.sur,6.060043776,9.368484968,7.363520698,9.311047287,8.280742981,9.456580459,9.414336105,8.262286772,8.761193674,8.436252625,8.212952014,0,2.611893391,0.901295762,2.247511395,3.940053488,4.412930544,4.19738593,4.725849462,4.616100881,4.728288335,5.327683038,6.060043776,8.077338979,7.598635447,8.864388368,10.38477196,10.29663996,10.383542,10.0094532,10.11605193,10.0139423,10.49388725,0,1.875389804,1.015913387,2.699325474,6.021368372,5.746783548,5.470373946,7.067343485,6.496730817,6.571480331,7.734802245,1.032854841,1.033927668,1.03089388,1.029688016,1.030505254,1.030169168,1.027783041,1.022354691,1.024137503,1.022502906,1.022150491,0,0.004809482,0.007244093,0.005868634,0.010599683,0.013459691,0.013102561,0.014700239,0.014287696,0.015072187,0.014095818,1.032854841,1.030691992,1.029545839,1.030846795,1.031379629,1.032137041,1.031344887,1.029149906,1.028127647,1.027829706,1.02757622,0,0.003940064,0.007699219,0.007998432,0.013299446,0.017268725,0.015689684,0.019848645,0.017864831,0.019952228,0.018628441
Aimaginotherium_FMOE30960_1_c.sur,2.147283807,2.783482162,2.093592943,2.50158019,2.202663072,1.826642434,2.190428435,1.847262776,1.699091395,2.288151731,1.874580307,0,1.104335261,1.196300659,1.017030093,1.098983276,1.3039332,1.38943672,1.597517098,1.593504538,1.735176697,1.753659739,2.147283807,2.166546568,2.222886677,2.250498726,2.324593935,2.328720427,2.438936059,2.563389701,2.493170223,2.621532601,2.576461822,0,0.879804457,1.360577282,1.136947576,1.328070911,1.644826114,1.747073616,2.056825235,2.072285397,2.199733206,2.397867367,1.00726275,1.008978952,1.006272353,1.008164906,1.00485903,1.004646886,1.004502661,1.004363641,1.003977798,1.004220429,1.004011542,0,0.003828704,0.003889215,0.003244288,0.003892187,0.004027158,0.003917936,0.004473952,0.00406948,0.004233759,0.004204216,1.00726275,1.006989212,1.006878225,1.006787611,1.006744532,1.006583917,1.006367429,1.006696143,1.005995243,1.006164451,1.005985239,0,0.002998825,0.004372024,0.003591849,0.004769436,0.005187369,0.00520663,0.006284464,0.005869491,0.00558132,0.00611209
Aimaginotherium_FMOE30960_1_d.sur,2.978913226,4.084507152,3.554756677,3.82728477,4.168708607,4.058365538,3.911977431,4.352384316,3.080200792,3.507837087,3.201683499,0,1.536116197,1.32864674,1.783936761,2.17074742,2.695449824,2.942974425,2.851925471,3.094952091,3.224454272,3.511632191,2.978913226,3.19291209,3.573730681,3.621569366,3.993235353,4.383761294,4.520462073,4.503386966,4.437898542,4.625757886,4.845707225,0,1.142069338,1.603731378,1.951232172,2.645478203,3.33279414,3.596350635,3.421275503,3.811530611,4.214215032,4.589830067,1.013339143,1.018677101,1.012359611,1.013239879,1.011404098,1.012513742,1.009647811,1.011105459,1.008379562,1.008402939,1.007549454,0,0.008607541,0.006045843,0.007141947,0.007270871,0.00869381,0.009051149,0.008792756,0.00869442,0.009074277,0.009200683,1.013339143,1.013426742,1.013587467,1.013259227,1.013113219,1.013410468,1.013253265,1.012959585,1.012667742,1.012611194,1.012235793,0,0.006424375,0.007261774,0.008261506,0.008711195,0.010463141,0.011037726,0.010448234,0.010817052,0.011363842,0.01249647
Aimaginotherium_FMOE30960_2_a.sur,7.931757304,10.64117759,11.1918794,9.476714635,9.872310617,11.50972074,11.17133883,11.01589165,11.1463117,11.88191306,12.05773792,0,2.730487731,1.537472053,1.982087569,2.117226377,2.13148498,2.260158035,2.674376263,2.929369054,3.834611969,4.005742446,7.931757304,8.909280176,10.46134404,9.8251031,10.47320083,11.38227535,11.41413552,11.41919256,12.00505698,12.67629929,13.02607617,0,2.203237736,1.845451158,2.22710429,2.767888043,3.020851212,2.894855945,3.442506984,3.847211975,5.359471113,5.674642376,1.041226575,1.0393081,1.037027445,1.033407349,1.029971327,1.034352312,1.030988446,1.028596213,1.028143977,1.026395952,1.026607031,0,0.003084411,0.006841224,0.006449429,0.008871432,0.008233309,0.009525879,0.008733208,0.008901519,0.010367336,0.009932068,1.041226575,1.037443396,1.036238198,1.033810878,1.033156314,1.033708946,1.033481964,1.031619002,1.030213566,1.029562328,1.029308842,0,0.002347556,0.007361381,0.008638437,0.010676982,0.010422068,0.011534828,0.011479172,0.01097884,0.013042007,0.01329367
Aimaginotherium_FMOE30960_2_b.sur,8.166253781,10.46896239,10.98429834,11.4644912,10.51491583,11.88064725,12.1481756,11.73195009,11.58450876,11.36673281,11.98664176,0,1.256869789,0.704945412,2.300885192,1.976279635,2.790513396,3.280385802,3.639646203,3.426256653,4.8035821,4.379323882,8.166253781,9.681937873,10.60370072,10.96657051,10.97207981,11.99801101,12.74197699,12.40710845,12.46698092,12.92785651,13.32110633,0,1.3314313,0.999082339,2.426256962,2.530344949,3.521811153,4.474014078,5.618191808,4.43034107,7.029311544,6.727245248,1.04061866,1.039924279,1.040576004,1.037910941,1.032920446,1.035552596,1.030662254,1.031387631,1.029990971,1.029014169,1.028311061,0,0.002456267,0.006864092,0.006954435,0.006161145,0.00803051,0.010191617,0.010461511,0.010091953,0.011169464,0.010952967,1.04061866,1.038314274,1.03918142,1.037045009,1.03445599,1.035874136,1.035201779,1.033451956,1.032062959,1.032080138,1.031315323,0,0.001898306,0.008003261,0.008394779,0.008599617,0.01013495,0.012146839,0.012904918,0.012021313,0.014690327,0.015359829
Aimaginotherium_FMOE30960_2_c.sur,9.489811747,15.7341639,14.11682597,15.09373965,12.27822929,16.89131507,14.7753409,14.95701077,14.99346257,14.81456901,15.32568338,0,4.544002526,4.376421949,6.197735756,7.784220199,6.101676372,8.096408434,6.972651723,8.015963217,8.050604424,9.194260364,9.489811747,13.28725989,14.65380652,15.96816205,17.27129882,16.89872509,16.24856383,16.55801858,18.80054989,18.42113717,20.20757483,0,3.513061677,4.75036085,7.21111347,9.374441698,7.72282734,13.90864511,10.18901621,11.09604535,14.20835903,13.09834938,1.045278139,1.050473638,1.043681633,1.041190762,1.044015025,1.049200137,1.044904806,1.047784995,1.045830346,1.039959378,1.042475302,0,0.009441073,0.005960332,0.009354478,0.010490536,0.011739917,0.013136478,0.016499556,0.019076545,0.017271281,0.019959599,1.045278139,1.045738818,1.04558614,1.046480083,1.047453804,1.048924884,1.048783583,1.048956751,1.05050431,1.047234205,1.04871353,0,0.006737955,0.007055107,0.011179565,0.01264968,0.014190042,0.017403181,0.021003192,0.028659195,0.030377147,0.03028177
Aimaginotherium_FMOE30960_2_d.sur,6.994959617,10.72679252,8.817307131,9.55713292,9.297325326,9.644053819,10.23835004,10.68802575,10.78483871,11.07197043,10.31362814,0,2.974164006,2.696119941,3.197241055,3.61875823,2.674041569,4.547833689,4.924670296,3.674639485,4.543700118,5.00924636,6.994959617,9.479840345,9.866343596,10.61814609,11.69365205,10.89661465,11.22761385,10.91757926,12.08792953,12.79440677,13.13106583,0,2.189729409,4.051366567,4.730897635,5.993920084,4.231295984,8.80379467,10.98681106,5.546435373,7.356811904,9.491532616,1.033428425,1.035270069,1.032085842,1.032911572,1.031683885,1.031796872,1.030568276,1.030523878,1.030173257,1.032228647,1.028277937,0,0.004767042,0.004949023,0.005040251,0.006985535,0.008075185,0.009420215,0.009460915,0.011371621,0.010796935,0.012007904,1.033428425,1.033178506,1.033240137,1.033942921,1.034445549,1.032079357,1.0329241,1.03335263,1.032712907,1.032725032,1.031538725,0,0.003421021,0.006440653,0.007237031,0.009894685,0.010384843,0.012249439,0.013364774,0.016304736,0.014118812,0.016416724
